Clip ID,Razon original,Feedback
ai_1e4f,Fallo épico de físicas del juego,down
ai_274c,Grito desgarrador (Ear rape),down
ai_c77f,Player makes mistakes with coffee orders.,down
ai_3774,Customer arrives with empty stroller.,down
ai_e145,Killed the mysterious man with a brick.,down
ai_6b39,First jumpscare at the shop door.,down
ai_274c,Grito desgarrador (Ear rape),down
ai_1e4f,Fallo épico de físicas del juego,down
ai_dfd6,Reacción a cliente con cochecito vacío.,up
ai_dfd6,Reacción a cliente con cochecito vacío.,up
ai_495e,La confusión con el pedido y el ambiente terrorífico.,up
ai_b230,Susto inesperado en un simulador de café.,up
ai_b230,Susto inesperado en un simulador de café.,up
ai_b230,Susto inesperado en un simulador de café.,up
ai_b987,Susto repentino con una reacción muy graciosa.,up
ai_85a4,Susto perfectamente sincronizado con su ausencia.,down
ai_de7d,Reacción a un momento muy duro.,up
ai_27b2,Una historia de terror con giro.,up
ai_b915,Confunde un escáner con una pistola.,up
ai_29e6,Susto repentino y grito épico.,down
ai_0d60,Grito de terror al descubrirlo.,up
clip_17,Frustración con la configuración de sensibilidad del mouse.,down
clip_27,Susto inesperado con la aparición de un monstruo en el pasillo.,up
clip_19,Comentario gracioso sobre la lógica del juego y la aparición de zombies.,up
clip_25,Entusiasmo del streamer por las mecánicas de combate cuerpo a cuerpo de Leon.,up
clip_29,"Grace escapando del monstruo, corriendo en círculos y la luz apagándose.",up
clip_25,Entusiasmo del streamer por las mecánicas de combate cuerpo a cuerpo de Leon.,up
clip_4,"Arma potente, gasto de balas",up
clip_15,"El jugador lucha cómicamente con la sensibilidad del mouse, ajustándola y desajustándola, con comentarios frustrados.",down
clip_16,Diálogo tenso y revelador con una niña ciega que cuenta cómo los médicos les hicieron daño y la desaparición de su amiga Mary.,down
clip_18,Susto inesperado en el baño y la frustración del jugador al darse cuenta de que no tiene cuchillo para defenderse.,up
clip_18,Susto inesperado en el baño y la frustración del jugador al darse cuenta de que no tiene cuchillo para defenderse.,up
clip_19,"El jugador descubre cómo craftear un cuchillo con chatarra, pero se frustra al darse cuenta de que el 'gordo' está cerca y el lápiz que lleva es inútil.",down
clip_20,"Momento de alta tensión mientras el jugador intenta evadir al 'gordo' sin gastar balas, describiendo su miedo y estrategia.",up
clip_21,"El jugador descubre el inyector emolítico y sus usos, especialmente para matar enemigos grandes como el 'gordo' con sigilo, generando expectativas y dudas.",down
clip_22,"El jugador descubre cómo crear munición de pistola a partir de sangre mutada, una mecánica sorprendente y útil.",down
clip_2,Susto épico y reacción hilarante.,up
clip_2,Zombie atraviesa pared y decapitación graciosa.,up
clip_5,Jugador pierde arma y sufre jumpscare.,up
clip_2,Juego turbio y menú creepy,down
clip_4,Revelación inquietante del bolso.,up
clip_5,Resumen juego terror gracioso.,up
clip_14,"Susto, bug y risas inesperadas",up
clip_4,"Susto, bug y reacción graciosa",up
clip_2,Sustos y reacción graciosa,up
clip_2,Susto inesperado y reacción graciosa,up
clip_13,Gracioso/Bugs - Una secuencia de sonidos y palabras inconexas que parecen un bug o un momento absurdo.,down
clip_7,"Muñeco creepy, alucinaciones y reacción graciosa",down
clip_7,"Muñeco creepy, alucinaciones y reacción graciosa",down
clip_1,"El streamer está revisando la información de los personajes que tiene que encontrar, incluyendo a Edward Puffton y su familia. Después de identificar a todos, encuentra el mapa, pero lo cierra accidentalmente, lo que genera una reacción de frustración graciosa y muy relatable para cualquier gamer.",down
clip_4,"Estaba re tranquilo, explorando y charlando con el chat, cuando de repente me atacó algo de la nada. ¡La reacción fue zarpada, casi me da un infarto! Es un susto inesperado con una reacción muy auténtica y graciosa.",down
clip_3,"El clip arranca con una pequeña frustración del jugador al cerrar el mapa sin querer, para luego pasar a la tensión de un viaje en helicóptero que termina en un crash inesperado. La reacción del streamer, comentando que 'Eran re callado los chabones, el tipo se acababa de abrir', le da un toque gracioso y de sorpresa al momento, combinando susto y humor.",down
clip_2,"El clip captura un momento gracioso y relatable donde el jugador cierra el mapa por error, seguido de la tensión al descubrir que hay 'demonios' en el juego, culminando con una reacción intensa y sonidos de acción. Combina humor y terror de forma efectiva.",down
clip_7,"El clip captura la frustración del jugador con las mecánicas del juego (no poder colocar rocas), seguido de un momento de pánico al quemarse inesperadamente y estar al borde de la muerte, mientras su compañero Kevin no hace nada. Es una mezcla de bug/gracioso por la situación y susto por la baja vida.",down
clip_8,"El clip captura un susto repentino y la reacción auténtica del streamer, que incluye exclamaciones de sorpresa y una orden urgente. La explicación posterior y el abrupto cambio de tema a 'empanadas' añaden un toque de humor y autenticidad al momento.",down
clip_9,"Este clip es muy gracioso porque muestra mi frustración al intentar matar a un enemigo, fallar el ataque y, para colmo, perder mi lanza en el proceso. Mi reacción al darme cuenta de que me quedé sin arma y mi súplica a Kevin para que me ayude a encontrarla es un momento de humor inesperado y relatable para cualquier gamer.",down
clip_12,Indecisión graciosa al guardar partida.,down
clip_13,Confusión por mensaje de guardado,down
clip_2,"Captura la reacción de susto del streamer ante la aparición de un personaje, seguida de un diálogo hilarante y absurdo del personaje que pide una mejor foto para su anuncio de persona desaparecida, lo que genera un momento de terror y comedia.",up
clip_11,"Este clip captura la frustración del streamer al morir rápidamente en dificultad 'extra difícil', seguida de un comentario gracioso fuera de juego y un susto inmediato con la aparición de un enemigo. Combina humor y terror de forma muy efectiva.",up
clip_1,"Gracioso/Bugs: Estaba intentando curarme y un bug con el agua me apagó la luz, impidiéndome hacerlo. Mi reacción de frustración es muy graciosa.",down
clip_2,"El clip muestra un momento de planificación tranquila en el juego que es abruptamente interrumpido por un cambio climático drástico, con un trueno y lluvia torrencial. Este cambio repentino en el ambiente es característico de la tensión y los desafíos inesperados de Sons of the Forest, generando una sensación de inminente peligro o 'pre-susto' atmosférico.",down
clip_3,"Gracioso/Satisfacción: El momento en que logro cazar las gaviotas después de que se me escapaban, mostrando mi puntería.",down
clip_4,El jugador descubre un bug/exploit en el que puede obtener plumas infinitas de un pájaro muerto al golpearlo repetidamente. Su reacción de sorpresa y alegría por la utilidad del bug es muy graciosa y valiosa para el gameplay.,down
clip_5,"Gracioso/Bugs - Una paloma vuela directamente a la fogata, cocinándose sola de forma inesperada. Después, la carne cocinada no me cura, lo que genera un momento gracioso y frustrante.",down
clip_6,"El streamer se frustra de forma graciosa y con mucho acento argentino mientras intenta recolectar plumas para craftear flechas, que son difíciles de ver.",down
clip_7,"El clip muestra una secuencia graciosa donde primero me quejo de la carne quemada, y acto seguido, me prendo fuego yo mismo con la fogata. La desesperación por apagar el fuego en el agua y luego volver a la fogata como si nada, es un momento divertido y un clásico fail de supervivencia.",down
clip_8,"El streamer intenta comer carne quemada, pero se da cuenta de que no le da nada, lo que le causa confusión y frustración. También se sorprende al ver una paloma muerta. Es un momento gracioso y un poco bug de la mecánica del juego.",down
clip_9,"El jugador se queja de que la carne cocida es 'floja' y no le da mucha energía, lo que lo frustra y lo obliga a buscar pescado. Es una queja graciosa sobre las mecánicas del juego.",down
clip_4,"Un jump scare zarpado con un maniquí que aparece de la nada, seguido de una reacción bien argentina con puteadas y un agradecimiento sarcástico que lo hace súper gracioso. ¡Puro terror y risas!",down
clip_3,Gracioso/Bugs,down
clip_7,"El streamer explica una mecánica del juego y luego comparte una anécdota personal muy graciosa y relatable sobre cómo imprimió en 3D al personaje del juego, expresando frustración al final. Es una historia explicativa con un toque de humor.",down
clip_30,Resolviendo un desafío fácilmente con invocaciones,down
clip_28,Más frustración en la pelea contra el boss,down
