Fecha,Video Origen,Clip ID,Titulo/Razon,Inicio,Fin,Duracion
2026-06-19 10:26:22,TheClosingShift_4.mkv,ai_dfd6,Reacción a cliente con cochecito vacío.,708.5,718.0,9.5
2026-06-19 11:09:52,TheClosingShift_4.mkv,ai_dfd6,Reacción a cliente con cochecito vacío.,708.5,718.0,9.5
2026-06-19 12:19:03,TheClosingShift_4.mkv,ai_495e,La confusión con el pedido y el ambiente terrorífico.,363.5,381.0,17.5
2026-06-19 12:40:32,TheClosingShift_4.mkv,ai_b230,Susto inesperado en un simulador de café.,954.5,962.0,7.5
2026-06-19 12:44:25,TheClosingShift_4.mkv,ai_b230,Susto inesperado en un simulador de café.,954.5,962.0,7.5
2026-06-19 13:02:32,TheClosingShift_4.mkv,ai_b230,Susto inesperado en un simulador de café.,954.5,1012.266129032258,57.77
2026-06-19 13:24:34,TheClosingShift_4.mkv,ai_b987,Susto repentino con una reacción muy graciosa.,1355.7491935483872,1401.223387096774,45.47
2026-06-20 19:53:32,TheClosingShift_4.mkv,ai_de7d,7_TheClosingShift_4_Final__7,Reacción a un momento muy duro.,1795.220678,1825.484722,30.26
2026-06-20 20:00:13,TheClosingShift_4.mkv,ai_27b2,8_TheClosingShift_4_cascote_entuCara__8,Una historia de terror con giro.,1514.81286,1559.447496,44.63
2026-06-20 20:08:02,TheClosingShift_4.mkv,ai_b915,10_TheClosingShift_4_confunde_un_esc_ner_con_una_pistola__9,Confunde un escáner con una pistola.,1134.0,1176.630910255914,42.63
2026-06-20 20:13:16,TheClosingShift_4.mkv,ai_0d60,11_TheClosingShift_4_FotografiasMias_10,Grito de terror al descubrirlo.,1103.6454645376343,1139.2643853306452,35.62
2026-06-21 13:48:16,1 - RERequiem_LeitoYGameplay-2026-06-19_19-09-55.mkv,clip_27,12_1 - RERequiem_LeitoYGameplay-2026-06-19_19-09-55_susto_inesperado_con_la_aparici_n_de_un_monstruo_en_el_pasillo__1,Susto inesperado con la aparición de un monstruo en el pasillo.,4518.570967741935,4571.947311827957,53.38
2026-06-21 15:31:05,1 - RERequiem_LeitoYGameplay-2026-06-19_19-09-55.mkv,clip_19,14_1 - RERequiem_LeitoYGameplay-2026-06-19_19-09-55_comentario_gracioso_sobre_la_l_gica_del_juego_y_la_aparici_n_de_zombies__2,Comentario gracioso sobre la lógica del juego y la aparición de zombies.,971.6,1012.299843004275,40.7
2026-06-21 15:44:18,1 - RERequiem_LeitoYGameplay-2026-06-19_19-09-55.mkv,clip_25,15_1 - RERequiem_LeitoYGameplay-2026-06-19_19-09-55_entusiasmo_del_streamer_por_las_mec_nicas_de_combate_cuerpo_a_cuerpo_de_leon__3,Entusiasmo del streamer por las mecánicas de combate cuerpo a cuerpo de Leon.,3249.748437914977,3308.324923894111,58.58
2026-06-21 16:34:10,1 - RERequiem_LeitoYGameplay-2026-06-19_19-09-55.mkv,clip_29,16_1 - RERequiem_LeitoYGameplay-2026-06-19_19-09-55_grace_LEHAGOCALECITA_4,"Grace escapando del monstruo, corriendo en círculos y la luz apagándose.",6005.2,6063.302271012305,58.1
2026-06-21 16:38:46,1 - RERequiem_LeitoYGameplay-2026-06-19_19-09-55.mkv,clip_25,19_1 - RERequiem_LeitoYGameplay-2026-06-19_19-09-55_entusiasmo_del_streamer_por_las_mec_nicas_de_combate_cuerpo_a_cuerpo_de_leon__6,Entusiasmo del streamer por las mecánicas de combate cuerpo a cuerpo de Leon.,3249.748437914977,3308.324923894111,58.58
2026-06-21 16:43:41,1 - RERequiem_LeitoYGameplay-2026-06-19_19-09-55.mkv,clip_4,20_1 - RERequiem_LeitoYGameplay-2026-06-19_19-09-55_arma_potente__gasto_de_balas_7,"Arma potente, gasto de balas",3508.0,3549.2427232915907,41.24
2026-07-05 15:11:41,2 - RERequiem_LeitoYGameplay - 2026-06-21_19-18-16.mkv,clip_18,23_2 - RERequiem_LeitoYGameplay - 2026-06-21_19-18-16_susto_inesperado_en_el_ba_o_y_la_frustraci_n_del_jugador_al_darse_cuenta_de_que_no_tiene_cuchillo_para_defenderse__2,Susto inesperado en el baño y la frustración del jugador al darse cuenta de que no tiene cuchillo para defenderse.,418.88932351268915,458.0,39.11
2026-07-05 15:24:19,2 - RERequiem_LeitoYGameplay - 2026-06-21_19-18-16.mkv,clip_18,24_2 - RERequiem_LeitoYGameplay - 2026-06-21_19-18-16_susto_inesperado_en_el_ba_o_y_la_frustraci_n_del_jugador_al_darse_cuenta_de_que_no_tiene_cuchillo_para_defenderse__3,Susto inesperado en el baño y la frustración del jugador al darse cuenta de que no tiene cuchillo para defenderse.,418.88932351268915,458.0,39.11
2026-07-05 18:04:10,2 - RERequiem_LeitoYGameplay - 2026-06-21_19-18-16.mkv,clip_20,,"Momento de alta tensión mientras el jugador intenta evadir al 'gordo' sin gastar balas, describiendo su miedo y estrategia.",765.2,795.833715268365,30.63
2026-07-05 18:10:20,2 - RERequiem_LeitoYGameplay - 2026-06-21_19-18-16.mkv,clip_2,26_2_-_RERequiem_LeitoYGameplay_susto_pico_y_5,Susto épico y reacción hilarante.,2760.1827432506802,2805.6482253892937,45.47
2026-07-06 01:17:11,Fear the Timeloop_Directo1.mkv,clip_2,28_Fear_The_Timeloop/Fear_the_Timeloop_Directo1_zombie_atraviesa_pared_1,Zombie atraviesa pared y decapitación graciosa.,1279.466292251239,1339.1504913342856,59.68
2026-07-06 09:59:35,Fear the Timeloop_Directo1.mkv,clip_5,31_Fear_The_Timeloop/Fear_the_Timeloop_Directo1_jugador_pierde_arma_3,Jugador pierde arma y sufre jumpscare.,1441.0,1479.0,38.0
2026-07-06 14:15:12,Fran Bow/Fran Bow - Leito hablado 1 - 2026-05-03_19-41-59.mkv,clip_4,31_Fran_Bow/Fran_Bow_-_Leito_hablado_1_revelacin_inquietante_del_1,Revelación inquietante del bolso.,376.85652931739344,436.7246550540086,59.87
2026-07-06 19:26:03,Fran Bow/Fran Bow - Leito hablado 1 - 2026-05-03_19-41-59.mkv,clip_5,32_Fran_Bow/Fran_Bow_-_Leito_hablado_1_resumen_juego_terror_2,Resumen juego terror gracioso.,608.1154291209241,651.4301560363554,43.31
2026-07-07 00:28:49,Fran Bow/Fran Bow - Leito hablado 1 - 2026-05-03_19-41-59.mkv,clip_14,33_Fran_Bow/Fran_Bow_-_Leito_hablado_1_susto_bug_y_3,"Susto, bug y risas inesperadas",1568.0,1602.446336782939,34.45
2026-07-15 00:46:21,Bad_Parenting/Bad_Parenting_2.mp4,clip_4,31_Bad_Parenting/Bad_Parenting_2_susto_bug_y_1,"Susto, bug y reacción graciosa",378.0,413.0,35.0
2026-07-17 17:56:21,Bad_Parenting/Bad_Parenting_2.mp4,clip_4,,"Susto, bug y reacción graciosa",378.0,413.0,35.0
2026-07-18 01:06:47,Bad_Parenting/Bad_Parenting_2.mp4,clip_1,35_Bad_Parenting/Bad_Parenting_2_susto_inesperado_al_2,Susto inesperado al ir a dormir,99.6389637731464,151.8152023138254,52.18
2026-07-18 01:08:54,Bad_Parenting/Bad_Parenting_2.mp4,clip_2,35_Bad_Parenting/Bad_Parenting_2_susto_inesperado_al_2,Sustos y reacción graciosa,99.78656933155989,153.65831320719676,53.87
2026-07-19 12:29:33,Fear the Timeloop_Directo1.mkv,clip_6,36_Fear_The_Timeloop/Fear_the_Timeloop_Directo1_muerte_inesperada_por_3,Muerte inesperada por bug de salto,1878.942502,1925.207153,46.26
2026-07-19 23:51:36,Bad_Cheese/Bad_Cheese_1 - 2026-03-16_08-35-02.mp4,clip_2,,Susto inesperado y reacción graciosa,1434.0,1469.0,35.0
2026-07-20 00:48:39,Gourmet/Bad_Cheese.mp4,clip_1,35_Gourmet/Bad_Cheese_explica_premisa_juego_2,Explica premisa juego terror,55.862261763440856,92.799716,36.94
2026-07-20 01:11:48,Gourmet/Bad_Cheese.mp4,clip_2,34_Gourmet/Bad_Cheese_premisa_de_terror_1,Premisa de terror doméstico,55.85806451612903,93.09677419354838,37.24
2026-07-20 09:04:47,Bad_Parenting/Bad_Parenting_2.mp4,clip_6,36_Bad_Parenting/Bad_Parenting_2_bug_de_cabeza_3,"Bug de cabeza, historia turbia",844.0,888.0,44.0
2026-07-20 09:25:53,Bad_Parenting/Bad_Parenting_2.mp4,clip_9,37_Bad_Parenting/Bad_Parenting_2_susto_y_bug_3,Susto y bug gracioso,945.0,980.0,35.0
2026-07-20 09:34:48,2 - RERequiem_LeitoYGameplay - 2026-06-21_19-18-16.mkv,clip_9,37_Resident_Evil_Requiem/2_-_RERequiem_LeitoYGameplay_doble_susto_pnico_3,"Doble susto, pánico y error gracioso.",7403.504101285484,7454.169386191936,50.67
2026-07-23 21:41:06,2 - RERequiem_LeitoYGameplay - 2026-06-21_19-18-16.mkv,clip_25,38_Resident_Evil_Requiem/2_-_RERequiem_LeitoYGameplay_susto_repentino_al_1,"Susto repentino al encontrar un nuevo tipo de mutante con una cabeza 'rarísima' que explota y se vuelve más agresivo, generando una reacción de sorpresa y frustración en el jugador.",5819.611827956989,5869.824731182796,50.21
2026-07-24 10:32:22,Rusty Lake Hotel/RustyLakeHotel_Leito_1.mkv,clip_16,39_Rusty_Lake_Hotel/RustyLakeHotel_Leito_1_la_presentacin_bizarra_1,"La presentación bizarra del hotel y su dueño, Mr. Owl, que promete una semana 'maravillosa' con 'recuerdos' turbios.",31.15290322580645,88.24274193548386,57.09
2026-07-24 11:01:09,Rusty Lake Hotel/RustyLakeHotel_Leito_1.mkv,clip_23,40_Rusty_Lake_Hotel/RustyLakeHotel_Leito_1_el_proceso_de_2,El proceso de moler una semilla para obtener 'polvo venenoso' y la decisión de usarlo en el Bloody Mary para el huésped.,2624.955655,2680.509518,55.55
2026-07-25 16:51:05,Fear the Timeloop_Directo1.mkv,clip_7,41_Fear_The_Timeloop/Fear_the_Timeloop_Directo1_susto_bug_y_4,"Susto, bug y reacción graciosa.",2395.0,2432.5833333333335,37.58
2026-07-27 01:38:29,Sons_Of_The_forest/Sons_of_The_Forest_1 - 2026-07-25 21-40-37.mkv,clip_6,36_Sons_Of_The_forest/Sons_of_The_Forest_1_-_2026-07-25_21-40-37_graciosobugs_la_interaccin_3,"Gracioso/Bugs - La interacción con Kelvin es muy graciosa. Desde que lo observo, enciende el fuego, me tira un pulgarcito y después se sienta 're chill' a tomar sol como si nada hubiera pasado, es un momento muy divertido y un poco bugueado por lo tranquilo que está.",1151.0,1186.0,35.0
2026-07-27 01:48:46,Sons_Of_The_forest/Sons_of_The_Forest_1 - 2026-07-25 21-40-37.mkv,clip_10,42_Sons_Of_The_forest/Sons_of_The_Forest_1_-_2026-07-25_21-40-37_el_clip_empieza_1,"El clip empieza con el streamer comentando sobre un objeto, luego hay un susto repentino cuando aparece un caníbal. La tensión aumenta mientras le advierte a su compañero y se prepara para la pelea, solo para ser lanzado cómicamente por los aires por una trampa, resultando en un bug divertido e inesperado. Combina terror y humor de forma excelente.",3229.8437482360214,3288.550716282258,58.71
2026-07-28 14:54:20,Gourmet/The_Closing_Shift.mp4,clip_4,31_Gourmet/The_Closing_Shift_presenta_la_premisa_1,"Presenta la premisa del juego y el tipo de terror que maneja, generando intriga.",39.0,80.0,41.0
2026-07-28 17:54:02,Gourmet/The_Closing_Shift.mp4,clip_4,31_Gourmet/The_Closing_Shift_presenta_la_premisa_1,"Presenta la premisa del juego y el tipo de terror que maneja, generando intriga.",39.0,80.0,41.0
2026-07-29 18:16:49,Fear the Timeloop_Directo1.mkv,clip_14,33_Fear_The_Timeloop/Fear_the_Timeloop_Directo1_susto_inesperado_y_3,Susto inesperado y bug visual,5578.0,5608.833333333333,30.83
2026-07-29 18:23:49,Fear the Timeloop_Directo1.mkv,clip_14,33_Fear_The_Timeloop/Fear_the_Timeloop_Directo1_susto_inesperado_y_3,Susto inesperado y bug visual,5578.0,5608.833333333333,30.83
2026-07-30 01:41:51,Photomaly/Photomaly_1 Final Malo - 2026-07-29 19-17-00.mp4,clip_1,35_Photomaly/Photomaly_1_Final_Malo_-_2026-07-29_19-17-00_el_clip_tiene_2,"El clip tiene dos jump scares seguidos que me hicieron pegar un cagazo zarpado, con reacciones súper auténticas y un comentario gracioso sobre el 'viejo homeless' que me asustó. Combina terror y humor a la perfección.",684.3354838709678,725.194623655914,40.86
2026-07-31 13:12:22,Photomaly/Photomaly_1 Final Malo - 2026-07-29 19-17-00.mp4,clip_3,43_Photomaly/Photomaly_1_Final_Malo_-_2026-07-29_19-17-00_el_clip_captura_1,"El clip captura una reacción de susto genuina ante una puerta que se mueve inesperadamente, seguida de la intriga y tensión generada por una foto misteriosa y una advertencia del juego. Incluye un momento de terror y misterio, con reacciones auténticas del streamer.",1139.097932,1262.316915,123.22
2026-07-31 13:46:04,Photomaly/Photomaly_1 Final Malo - 2026-07-29 19-17-00.mp4,clip_2,,"Captura la reacción de susto del streamer ante la aparición de un personaje, seguida de un diálogo hilarante y absurdo del personaje que pide una mejor foto para su anuncio de persona desaparecida, lo que genera un momento de terror y comedia.",687.0,722.0,35.0
2026-07-31 14:29:38,Gourmet/Fran Bow- Resumen.mp4,clip_1,35_Gourmet/Fran_Bow-_Resumen_este_clip_explica_2,"Este clip explica la premisa del juego Fran Bow, donde la protagonista podría ser la culpable de los aberrantes hechos, y describe el género de aventura gráfica point-and-click, popular en los 90. La explicación se acompaña de imágenes del juego, incluyendo una escena de terror que le da un toque zarpado.",18.080645161290324,72.3225806451613,54.24
2026-07-31 15:43:29,Sons_Of_The_forest/Sons_of_The_Forest_1 - 2026-07-25 21-40-37.mkv,clip_11,,"Este clip captura la frustración del streamer al morir rápidamente en dificultad 'extra difícil', seguida de un comentario gracioso fuera de juego y un susto inmediato con la aparición de un enemigo. Combina humor y terror de forma muy efectiva.",3247.0,3282.0,35.0
2026-07-31 16:06:57,Sons_Of_The_forest/Sons_of_The_Forest_1 - 2026-07-25 21-40-37.mkv,clip_14,33_Sons_Of_The_forest/Sons_of_The_Forest_1_-_2026-07-25_21-40-37_el_jugador_se_3,"El jugador se encuentra con un mutante en la orilla, reacciona con sorpresa y luego el mutante se hunde en el agua de forma inesperada, generando un momento gracioso y un poco de bug.",8360.530317069892,8472.227005357527,111.7
2026-07-31 16:44:18,Sons_Of_The_forest/Sons_of_the_forest_2 - 2026-07-26 00-12-56.mkv,clip_11,44_Sons_Of_The_forest/Sons_of_the_forest_2_-_2026-07-26_00-12-56_el_clip_captura_1,"El clip captura mi reacción de sorpresa y susto cuando Kevin, mi compañero mutante, aparece de la nada mientras estoy desmembrando una muñeca. La situación es bizarra y graciosa a la vez, con un buen susto incluido.",1922.7882422903226,1990.449513,67.66
2026-08-02 14:36:39,Sons_Of_The_forest/Sons_Of_the_Forest_3 - 2026-07-26 19-49-15.mkv,clip_14,33_Sons_Of_The_forest/Sons_Of_the_Forest_3_-_2026-07-26_19-49-15_este_clip_muestra_3,"Este clip muestra un combate intenso y gracioso contra un caníbal. El jugador reacciona con frustración y luego con determinación, usando lanzas y un hacha para derrotar al enemigo, incluyendo un golpe 'a los huevos'. Es un momento de acción y la actitud del jugador es muy de gamer argentino.",3319.557105,3611.726258,292.17
2026-08-02 17:01:09,Gourmet/Phonopolis - Resumen.mp4,clip_1,35_Gourmet/Phonopolis_-_Resumen_el_clip_presenta_2,"El clip presenta una introducción reflexiva sobre el control de nuestras vidas y la influencia de los algoritmos, para luego introducir un juego que aborda este tema. La transición a diferentes juegos con sonidos y la explicación del juego 'Phonopolis' de Amanita Design, conocido por su estilo único, encaja perfectamente en la categoría 'Historias/Explicativo'. La duración es adecuada y el tono es coherente con un gamer argentino.",0.0,47.137096774193544,47.14
2026-08-02 17:38:15,Photomaly/Photomaly_1 Final Malo - 2026-07-29 19-17-00.mp4,clip_8,45_Photomaly/Photomaly_1_Final_Malo_-_2026-07-29_19-17-00_el_clip_captura_2,"El clip captura un momento de alta tensión donde el jugador se asusta por un evento repentino en el juego, que parece ser una combinación de un bug y un jump scare. La reacción del streamer es auténtica y graciosa, con exclamaciones de pánico y un comentario final sobre la necesidad de un psiquiatra para el personaje, lo que lo hace ideal para clips virales.",4113.916666666667,4148.166666666667,34.25
2026-08-02 18:10:42,Gourmet/Bad_Cheese.mp4,clip_4,31_Gourmet/Bad_Cheese_explicando_lore_y_1,Explicando lore y psicología,114.05594841827957,170.9216944489247,56.87
2026-08-03 00:02:23,Hellmart/HellMart_1 - 2026-08-02 19-21-43.mkv,clip_4,31_Hellmart/HellMart_1_-_2026-08-02_19-21-43_momento_de_tensin_1,"Momento de tensión y decisión. El visitante nocturno me dio re mala espina y el chat me decía que no lo deje entrar. Observo que no se le ven los ojos, lo que lo hace más raro, pero igual decido dejarlo pasar, generando expectativa sobre lo que va a pasar.",1477.495082,1697.528451,220.03
2026-08-03 16:41:13,A Game About Digging a Hole/A Game About Digging a Hole - 2026-07-31 19-24-00.mp4,clip_1,35_A_Game_About_Digging_a_Hole/A_Game_About_Digging_a_Hole_-_2026-07-31_19-24-00_historiasexplicativo_2,Historias/Explicativo,77.75483870967741,171.63870967741934,93.88
2026-08-03 18:19:54,A Game About Digging a Hole/A Game About Digging a Hole - 2026-07-31 19-24-00.mp4,clip_2,34_A_Game_About_Digging_a_Hole/A_Game_About_Digging_a_Hole_-_2026-07-31_19-24-00_graciosobugs_1,Gracioso/Bugs,1738.3,1778.3,40.0
2026-08-03 18:30:28,A Game About Digging a Hole/A Game About Digging a Hole - 2026-07-31 19-24-00.mp4,clip_12,46_A_Game_About_Digging_a_Hole/A_Game_About_Digging_a_Hole_-_2026-07-31_19-24-00_historiasexplicativo_1,Historias/Explicativo,3466.3,3517.3483870967743,51.05
2026-08-03 18:36:32,A Game About Digging a Hole/A Game About Digging a Hole - 2026-07-31 19-24-00.mp4,clip_15,47_A_Game_About_Digging_a_Hole/A_Game_About_Digging_a_Hole_-_2026-07-31_19-24-00_historiasexplicativo_2,Historias/Explicativo,4384.681774193548,4425.770161290323,41.09
2026-08-03 18:45:47,A Game About Digging a Hole/A Game About Digging a Hole - 2026-07-31 19-24-00.mp4,clip_8,45_A_Game_About_Digging_a_Hole/A_Game_About_Digging_a_Hole_-_2026-07-31_19-24-00_sustosterror_2,Sustos/Terror,5786.431004,5860.9,74.47
2026-09-23 23:45:49,Zelda_Echoes_of_Wisdom/Zelda_Echoes_Of_Wisdom_1.mp4,clip_1,35_Zelda_Echoes_of_Wisdom/Zelda_Echoes_Of_Wisdom_1_este_clip_es_2,Este clip es genial porque explico una de las mecánicas más innovadoras y divertidas del juego: invocar objetos para resolver puzzles y escalar. Muestro cómo usar camillas y camas elásticas de forma super creativa para llegar a lugares imposibles. Es explicativo y a la vez gracioso por lo insólito de la solución.,6.0,55.0,49.0
2026-09-23 23:50:13,Zelda_Echoes_of_Wisdom/Zelda_Echoes_Of_Wisdom_1.mp4,clip_1,35_Zelda_Echoes_of_Wisdom/Zelda_Echoes_Of_Wisdom_1_este_clip_es_2,Este clip es genial porque explico una de las mecánicas más innovadoras y divertidas del juego: invocar objetos para resolver puzzles y escalar. Muestro cómo usar camillas y camas elásticas de forma super creativa para llegar a lugares imposibles. Es explicativo y a la vez gracioso por lo insólito de la solución.,6.0,55.0,49.0
2026-09-25 08:49:56,Zelda_Echoes_of_Wisdom/Zelda_Echoes_Of_Wisdom_1.mp4,clip_16,39_Zelda_Echoes_of_Wisdom/Zelda_Echoes_Of_Wisdom_1_fallo_gracioso_en_1,Fallo gracioso en puzzle y tirando cosas al vacío,825.8,866.4902150537634,40.69
2026-09-25 08:55:39,Zelda_Echoes_of_Wisdom/Zelda_Echoes_Of_Wisdom_1.mp4,clip_16,39_Zelda_Echoes_of_Wisdom/Zelda_Echoes_Of_Wisdom_1_fallo_gracioso_en_1,Fallo gracioso en puzzle y tirando cosas al vacío,825.8,866.4902150537634,40.69
2026-09-25 09:13:41,Zelda_Echoes_of_Wisdom/Zelda_Echoes_Of_Wisdom_1.mp4,clip_3,43_Zelda_Echoes_of_Wisdom/Zelda_Echoes_Of_Wisdom_1_el_streamer_explica_1,"El streamer explica su filosofía de juego y por qué decidió streamear Zelda, además de dar un resumen de la historia del juego, destacando su naturaleza 'Nintendo' y las diferencias de esta entrega. Es un segmento explicativo y personal.",134.1636302238931,180.47624736217873,46.31
2026-09-25 09:20:53,Zelda_Echoes_of_Wisdom/Zelda_Echoes_Of_Wisdom_1.mp4,clip_2,34_Zelda_Echoes_of_Wisdom/Zelda_Echoes_Of_Wisdom_1_el_streamer_explica_1,El streamer explica una mecánica de juego interesante (usar un tambor como cama elástica para subir a lugares altos) y muestra cómo se puede recorrer el mapa con ella. Es una explicación clara y el uso de la cama elástica es un elemento divertido y útil. El clip tiene una duración adecuada y el streamer expresa su entusiasmo por la mecánica.,181.734105,232.6985343935484,50.96
2026-09-25 09:52:02,Zelda_Echoes_of_Wisdom/Zelda_Echoes_Of_Wisdom_1.mp4,clip_17,48_Zelda_Echoes_of_Wisdom/Zelda_Echoes_Of_Wisdom_1_explicacin_de_la_1,Explicación de la misión del gato del anciano,1750.355969218909,1920.6415798575536,170.29
2026-09-25 09:58:17,Zelda_Echoes_of_Wisdom/Zelda_Echoes_Of_Wisdom_1.mp4,clip_22,49_Zelda_Echoes_of_Wisdom/Zelda_Echoes_Of_Wisdom_1_primer_intento_fallido_2,Primer intento fallido en el desafío de las arañas,2917.069734746412,2979.003055,61.93
2026-09-25 10:03:28,Zelda_Echoes_of_Wisdom/Zelda_Echoes_Of_Wisdom_1.mp4,clip_29,50_Zelda_Echoes_of_Wisdom/Zelda_Echoes_Of_Wisdom_1_usando_gorditos_con_3,Usando 'gorditos' con boomerang y comparándolos con Diablo,3668.8,3713.7310374728927,44.93
2026-09-25 14:04:45,Zelda_Echoes_of_Wisdom/Zelda_Echoes_Of_Wisdom_1.mp4,manual_f6cce178,52_Zelda_Echoes_of_Wisdom/Zelda_Echoes_Of_Wisdom_1_clip_aadido_manualmente_5,Clip añadido manualmente,3229.577211,3300.7676642930105,71.19
2026-09-25 14:14:09,Zelda_Echoes_of_Wisdom/Zelda_Echoes_Of_Wisdom_1.mp4,clip_20,53_Zelda_Echoes_of_Wisdom/Zelda_Echoes_Of_Wisdom_1_explicacin_de_las_6,Explicación de las restricciones del primer desafío,2266.081182795699,2320.9467741935487,54.87
2026-09-26 17:30:18,Zelda_Echoes_of_Wisdom/Zelda - Echoes of Wisdon_2.mp4,clip_6,36_Zelda_Echoes_of_Wisdom/Zelda_-_Echoes_of_Wisdon_2_leito_explica_un_3,"Leito explica un dilema personal como streamer sobre cómo la audiencia se relaciona con los juegos y su experiencia con Among Us, lo que califica como una 'historia de vida de Leito' y 'explicativo'.",7632.787096774194,7672.374731182796,39.59
2026-09-26 17:38:31,Zelda_Echoes_of_Wisdom/Zelda - Echoes of Wisdon_2.mp4,clip_9,37_Zelda_Echoes_of_Wisdom/Zelda_-_Echoes_of_Wisdon_2_el_streamer_cuenta_3,"El streamer cuenta su experiencia con el boom de Among Us, la caída de las vistas y cómo aprendió a disfrutar el streaming sin importar los números. Luego, comparte la historia de un amigo que, a pesar de tener menos seguidores, siguió streameando Among Us y ahora tiene millones de suscriptores, generando una reflexión sobre la perseverancia y la ironía del éxito.",7886.860215053764,7938.043010752688,51.18
2026-09-26 20:38:18,Zelda_Echoes_of_Wisdom/Zelda - Echoes of Wisdon_2.mp4,clip_9,37_Zelda_Echoes_of_Wisdom/Zelda_-_Echoes_of_Wisdon_2_el_streamer_cuenta_3,"El streamer cuenta su experiencia con el boom de Among Us, la caída de las vistas y cómo aprendió a disfrutar el streaming sin importar los números. Luego, comparte la historia de un amigo que, a pesar de tener menos seguidores, siguió streameando Among Us y ahora tiene millones de suscriptores, generando una reflexión sobre la perseverancia y la ironía del éxito.",7886.860215053764,7938.043010752688,51.18
